{"vmin": [-20.284624113064638, 4.674502689918469, -29.983974809442138, 6.384918998099579, 0.0, -20.072270303344833, 2.991530957740933, -30.305411357832426, 5.118388400295918, 0.0, -20.092456222337844, 0.7485445952573355, -29.748806185229185, 3.717348312836706, 0.0, -20.130440648324154, 0.12476722470652502, -30.065178280130986, 2.0594932577397875, 0.0, -19.812057037746857, -2.7050569312648474, -29.937524547190666, 0.36680897116423017, 0.0, -20.19476802859836, -4.21274816967793, -30.048165650766805, -1.587235917012162, 0.0], "vmax": [64.36550095798124, 94.85157086357549, 94.44476300752486, 94.91350900137499, 6.507801598916384, 65.80896686139357, 95.25155032604869, 95.34503069263376, 94.95459083378881, 6.43824744278725, 64.69469484858519, 94.87889586638687, 95.43872874777227, 95.04822469434586, 6.439981230897513, 70.28265391231758, 95.44600418206541, 95.93488154140317, 94.97489810881262, 6.342883703667535, 69.26301969570811, 95.1584599754412, 98.7235029555509, 94.5859092133303, 6.536886964993458, 67.08178768328874, 95.45583307222137, 100.87833011974301, 95.03292278045907, 6.203056378129465]}