{"vmin": [46.40731663032045, 293.66663119485446, 25.829147048225437, 18.530656937408164, 34.720301969618994, -12.946715010646628, 192.7872361070475, -6.203851704608496, 16.94389064760005, 31.074267022399475, -44.512382413955024, 56.06895457883536, -32.205243824219, 13.948921284800845, 26.64857027659178, -77.63154369033293, 10.228760622049379, -42.33218781896767, 13.018850225556681, 20.067076064946725, -180.21315187548097, -15.081248362956899, -80.97777081528338, 9.6906195804836, 14.756081103050153, -209.7225977429194, -167.7956095771592, -153.83555691391228, 3.770115050999536, 9.239220781941244], "vmax": [313.81413160171513, 927.752196691848, 238.3165195596252, 30.358419840781004, 54.623479577688826, 452.02058966679436, 1154.7318993513834, 288.63582507137994, 36.27943261228643, 58.046094225246684, 619.6486184756284, 1555.1188561388765, 368.31212617714186, 40.51504207724188, 58.77141398225288, 713.1819768942341, 1754.4091415665291, 429.9629269513306, 45.65645588120995, 57.79225454568768, 893.9380141220345, 1968.0714190923477, 529.0248739792308, 51.56765947255902, 57.65479319752558, 1015.7715480861635, 2248.1682479698575, 573.3051825444644, 59.26549682225774, 60.782014387516625]}