{"vmin": [2.341497647467244, -0.155834601326727, -0.44314139387787027, -0.4792964393279704, -0.8340666983651225, -0.7460202922691787, -0.32281467353527576, -0.3581124147433269, 2.386569487179362, -0.3006678854791076, -0.36176188909276563, -0.6338934445618871, -0.8959712853723539, -0.5738963485245814, -0.18716678320799834, -0.2888202235066549, 2.3541518227630895, -0.3635071405401324, -0.3454954275710071, -0.4055834244406676, -0.5699656046726564, -0.7710987925141456, -0.26847861509564147, -0.17635568083389863, 2.340030999378606, -0.3498611630632317, -0.3620808442954727, -0.50556641364159, -0.7058573039710601, -0.475194403247733, -0.36366546924354587, -0.22820490056659654], "vmax": [4.213060473559023, 2.499546375233823, 3.2087807311302985, 4.709376726182603, 5.314825802644803, 5.09916088159147, 3.060342895256827, 2.9220185155826, 4.195950540548095, 2.4364787827176726, 2.9567926832673708, 5.0615865392283155, 5.145612919998707, 4.912362064351555, 3.14746931353233, 2.7097915509656696, 4.173276445625618, 2.453935880724831, 3.0838384368119507, 5.4320753384298675, 5.16242490581016, 5.180019255612027, 3.002050380597424, 2.6238226844144976, 4.261896230925113, 2.5378088708768787, 2.8572486263851156, 4.868071146981784, 5.116379061402424, 5.324386925818491, 2.8789398508359976, 2.6674079648322153]}