{"vmin": [-0.02892174597630418, -0.00030399243072512863, -0.06316102666673015, 36.15611139435113, -0.02681340992816271, -0.0010890054815203484, -0.029050997962790148, 36.248362520920836, -0.025610657549174347, -0.00034689272069080186, -0.05692096623230114, 36.31841770602458, -0.023840965760230884, -0.0001005423145873166, -0.010308086839961733, 35.87436204822823, -0.01955698698991995, -0.00023350703946779707, 0.02004937831198897, 36.36543042999963, -0.013833153925593282, 0.0005944263892768038, 0.02622242621789478, 36.94688236588617], "vmax": [0.9359595882692776, 0.05712747660121018, 1.678315140269352, 69.39490283204672, 0.9262948584978024, 0.0563318951092412, 1.7389908180288691, 70.94994071374823, 0.9262462939397273, 0.05770848148651831, 1.770654139683927, 70.91074246814696, 0.9487447963234342, 0.05463176980095923, 1.730691874262914, 70.8032523803283, 0.9532510330959194, 0.056631795305236154, 1.8551736145665072, 70.783036559704, 0.9618725875430444, 0.05714856207766513, 1.8385610173449018, 72.09830168903723]}