{"vmin": [-0.974493, -1.0, -1.0, -0.99995776, -0.99998734, -1.0, -1.0, -1.0, -1.0, -1.0, -0.96321766, -1.0, -1.0, -1.0, -0.98949309, -0.98999626, -1.0, -1.0, -1.0, -1.0, -1.0, -1.0, -1.0, -1.0, -1.0, -1.0, -1.0, -1.0, -1.0, -1.0], "vmax": [1.0, 0.99394624, 0.9820089, 1.0, 1.0, 1.0, 0.96001, 1.0, 1.0, 1.0, 1.0, 1.0, 1.0, 1.0, 1.0, 1.0, 0.9844344, 1.0, 1.0, 1.0, 1.0, 1.0, 1.0, 1.0, 1.0, 1.0, 1.0, 1.0, 1.0, 1.0]}