{"vmin": [-0.7834176434838945, -364.10066954420313, 0.6755612444886658, -0.8563105161809061, -0.8447146053804189, -313.3986409375035, 3.980976859243995, -1.3044152162463907, -0.6587904228341075, -629.7491479075928, 3.6139134730218494, -1.4374356822874808, -0.8846217391385554, -611.0119920070201, 0.9241251924975344, -1.7978233345104924, -0.6276394755423318, -609.2374625980401, 2.115285836374973, -2.520596123545053, -0.8622725976220231, -837.1386936571116, -2.2641456080379783, -3.0871159909517805], "vmax": [1.5956376306483735, 1477.5371808628097, 104.45126325768831, 1.2811848158628192, 1.6337969436994713, 1796.1108689116306, 99.04810126158416, 1.7668450809261496, 1.6589656291575476, 2165.4191522339456, 103.34331487121793, 2.536371421799026, 1.721767568801172, 2466.7925673726563, 108.55639750554175, 3.1112197436476485, 1.64045773773337, 2901.7294707250016, 101.21101373995572, 3.969162470842618, 1.7606363593817245, 3211.2866216391803, 108.54090684342124, 4.628552033322716]}