{"vmin": [-24.967389747249136, 29.37755395546564, -97.49056247846826, 2984.5926144349482, 0.948299204986621, -0.39158296863217856, -3.3754550160956898, 0.0, -41.00856490831629, 21.078669281535905, -98.67996510540029, 2844.6977196768107, -18.463042681057612, -0.5926262667486475, -2.653678943041824, 0.0, -61.366230128420995, 10.2100242768812, -113.79037011509583, 2641.2413709889706, -40.86653230421498, -0.33108513199547907, -3.3210551839453997, -0.6621900436704599, -133.19199646956565, 7.221283055866586, -122.4419979851205, 2444.8387658713104, -54.86832254006046, -0.8814539296138297, -3.12564765020121, -0.7570817554982744], "vmax": [276.49078896107596, 74.70160218992426, -32.983633320115324, 3436.7180056670572, 28.402079857782482, 7.569339326158113, 14.088906837647395, 1.0, 324.73161800790876, 88.93868029489158, -30.60418518209962, 3554.68109517727, 71.63772014278263, 7.711536473954928, 12.023151658792454, 1.0, 319.71485926107096, 102.8215661870239, -31.073674619952218, 3635.403950140836, 121.44727242746117, 7.3243587203775675, 12.719069173187773, 1.6955349358236222, 337.0321898305847, 123.63845611151372, -18.473497190055415, 3714.9123997083107, 167.72009462965076, 8.9192037973664, 14.770361309733662, 1.7936159515070786]}