{"vmin": [-11.039279505053733, -0.3736694809009045, -0.19940568680600007, 0.14178365508043989, -6.97963216630163, -0.2955479716024716, -0.2637664775035896, 0.09632625702525743, -7.064288312811804, -0.495396177939088, -0.27871914029456124, 0.30356586444003675, -6.6366854465571095, -0.39517752874549605, -0.2104013456335953, 0.04390885775978981, -7.22841408744064, -0.33812782063450925, -0.21884195793971903, 0.11036828998437298, -7.510644528780834, -0.4144301512607873, -0.3186341166599059, 0.04213567181162947], "vmax": [22.296764580834285, 1.4674096204907523, 0.842691759678467, 4.635753540960009, 19.634319462008335, 1.440109319056335, 0.8283089044116452, 4.331295525159599, 19.673410287055006, 1.4544057885964632, 0.793350506298383, 4.4115727006726555, 17.787935635161038, 1.5807831183336447, 0.7858160085396653, 3.968462842471446, 18.991689354315387, 1.5089144784102775, 0.8287691788115327, 4.13099360451072, 19.366437515028032, 1.5119994204240226, 0.8278230433258756, 3.9993008769054352]}