{"vmin": [-0.9834437379827173, -10.449759380244188, -4.168642817029904, -4.202912938655451, -5.7355484490300235, -5.038739962707715, -5.125197328733231, -4.895208319458687, -3.0376761410263367, -8.86205181363046, -4.1218811163831095, -3.652382243996944, -3.9887128882711593, -3.8378258256123536, -4.182566430135392, -4.1320821920660755, -3.3612357041170546, -8.746135840619077, -4.237647237107358, -1.865872630799232, -3.908216861615278, -4.5848199201060185, -3.1507848724543255, -4.588146888327398, -3.687187504408055, -9.367773226821498, -4.184853209721713, -2.2524875133090676, -4.015559145168745, -4.356175771064381, -3.148984295692811, -4.5768930853285354], "vmax": [23.30410042728254, 10.39502792136245, 9.260162520221188, 5.477487920352936, 5.2937638069197614, 4.939169479256114, 6.32623025747265, 5.27351991144302, 23.055306332740194, 8.085211733923542, 7.870695625542845, 3.9096790955582534, 4.7551480408489635, 4.310172002516724, 4.838582944493821, 4.217302646913836, 23.334734166790717, 10.235996288938082, 9.258904209500557, 4.19036979432948, 4.408279490684437, 2.6137297457964106, 4.448423466746387, 4.327917422576798, 23.08431046832985, 9.956497829535232, 9.079858823496672, 4.321307135973677, 5.020040237624954, 4.2787623718217, 5.836609761762608, 4.345018037870198]}