{"vmin": [-109.6644308339416, -16.02370771111571, -15.909083533069357, -7.477995609124656, -8.217481006034845, -5.950385476801643, -5.029296024261315, -3.5229158956810007, -78.31159332053844, -15.537161464165674, -13.39080325466221, -9.096441993924454, -10.71083914548299, -6.878247007765651, -5.249277695994163, -5.039975419977671, -117.40926320884498, -17.722144325294465, -10.439279890847775, -10.51172985409234, -10.823425815687944, -6.150558074868648, -5.764136539530183, -5.569555650976513, -117.40926320884498, -9.409898073796695, -12.295252124703712, -8.753498528701417, -11.906888375308423, -5.5696003499292726, -5.421684613704149, -5.48952882557392], "vmax": [16.49883852382412, 18.42160684272526, 8.55430670249532, 7.160675986130754, 4.2174172058408494, 6.29416555723772, 4.833259630303915, 3.0189473999783876, 28.47276838026691, 21.272131364265075, 11.808468042674118, 6.401656106747852, 4.114241056697402, 5.837014666908171, 6.360361310637777, 3.9452305451245184, 17.163867962182938, 22.405552532511383, 12.141399555406633, 8.406663727390153, 4.115169830040999, 6.439239857328588, 5.538917974345171, 3.8958588148331357, 15.34765574142349, 22.24469548879541, 9.164351649315066, 8.201938722670736, 4.808184949714102, 5.362513827758714, 4.948422479008851, 3.7024009604336796]}