{"vmin": [-5.952715626775751, 2.3715325667965104, -0.010922904010501236, -0.25432512279013497, -5.887342194270568, 2.4121401702357455, -0.05170616621948247, -0.2784318789071238, -7.359913170861722, 2.089964778804759, -0.10680363654411407, -0.3274456822762809, -6.490311846210393, 1.788334194612659, -0.15115999889684356, -0.33583365108573715, -8.1865529974747, 1.3394910436046845, -0.10066637704586438, -0.26734061995770364, -9.952459922525183, 1.0826027723834575, -0.1668893741281219, -0.243368807636692, -8.693047986622798, 0.5568090559070858, -0.20427081632855695, -0.23678792074877386, -8.641577425403892, 0.3190922267621943, -0.28415282074869325, -0.27777954026229235], "vmax": [22.42397569355558, 3.305278441321143, 0.3652550363097938, 1.381279215903852, 23.717487233750457, 3.290408864028119, 0.5039059409170055, 1.3788401281540512, 26.55058036499824, 3.3276096703809683, 0.6511804165430902, 1.4317476601239956, 29.59460475267072, 3.3862040867266097, 0.7594028104065143, 1.4323624008111333, 29.399968523275426, 3.4161598327987206, 0.9337244676296073, 1.4175202531673514, 32.409297317623164, 3.517820499368867, 1.0192557979608734, 1.3417618629259052, 32.688507746873825, 3.624620528433678, 1.2512288545488757, 1.4114633682649096, 36.607030230450434, 3.6790973662500273, 1.2920686296784534, 1.4610922300162241]}