{"vmin": [16.07647342484091, -25.160942169749823, -0.3717296104400992, 0.431094464528483, 21.521315265657098, -25.77605274355414, -0.4361929342949582, 0.3756236289181124, 4.935610265299442, -26.569657661112938, -0.5103128917217683, 0.4282091064249255, 4.6552704268724, -29.245621105280527, -0.3987501099595556, 0.39765582459109405, 17.23523961677203, -28.12371301665798, -0.47062090065481055, 0.4146684095782626, 17.386134330382397, -18.944670747573234, -0.41419983291503704, 0.4368622928060281], "vmax": [189.99206083513766, 200.02186288962264, 1.8185164331297257, 1.0752764614998416, 203.8431420582586, 231.35009138488653, 1.722043489754109, 1.063295231168602, 192.67095389909338, 215.4173586964001, 1.7590264624498357, 1.0754922852635769, 192.03853623726064, 212.03502797431292, 1.7975247339736975, 1.091933620955668, 199.37700299285262, 206.42360524402847, 1.9607690408127239, 1.0777364299013275, 198.13710034570886, 221.87585610670345, 1.8685623170673444, 1.0809780217754779]}