{
  "checkpoint": "atome_1m_v1.pt",
  "d_model": 256,
  "n_layers": 8,
  "seq_len": 196,
  "wv_scale": 0.041157983243465424,
  "wv_shape": [
    256,
    256
  ],
  "traces": {
    "h_block0.f32": [
      196,
      256
    ],
    "ssm_block0.f32": [
      196,
      256
    ],
    "wv_block0.tern": "int32 rows, int32 cols, float32 scale, packed trits"
  },
  "thresholds": [
    0.0,
    0.02,
    0.05,
    0.1
  ],
  "speedup_h": {
    "0.0": 1.003968253968254,
    "0.02": 1.0507197505372017,
    "0.05": 1.1125690901024625,
    "0.1": 1.1718280493230084
  },
  "speedup_ssm": {
    "0.0": 1.0,
    "0.02": 4.062777287078909,
    "0.05": 12.269029690275957,
    "0.1": 45.15516281081936
  },
  "speedup_conv": {
    "0.0": 1.0052629060869784,
    "0.02": 1.0582969339206687,
    "0.05": 1.1222701599047586,
    "0.1": 1.220385197786355
  },
  "speedup_attn": {
    "0.0": 1.0158959537572254,
    "0.02": 1.0746710838999043,
    "0.05": 1.1534759772860497,
    "0.1": 1.2672359736436538
  },
  "block0_h": {
    "0.0": 1.0317460317460319,
    "0.02": 1.2613705275924803,
    "0.05": 1.5332637139873455,
    "0.1": 1.6077812489935261
  },
  "block0_ssm": {
    "0.0": 1.0,
    "0.02": 3.1166885184491475,
    "0.05": 8.600964851826326,
    "0.1": 33.63881401617251
  }
}